ΠΠΣ;ΝΠΣ
P1-1010;ICE1-1001
P1-1020;ICE1-1002
P1-1030;ICE1-1003
P1-1040;ICE1-1004
P1-1050;ICE1-1005
P1-1060;ICE1-1006
P1-2050;ICE1-2001
P1-2020;ICE1-2002
P1-2040;ICE1-2004
P1-2010;ICE1-2005
P1-2060;ICE1-2006
P1-3010;ICE1-3001
P1-3020;ICE1-3002
P1-2030;ICE1-3003
P1-3040;ICE1-3004
P1-3050;ICE1-3005
P1-3060;ICE1-3006
P1-3030;ICE1-4001
P1-4020;ICE1-4002
P1-4030;ICE1-4003
P1-4040;ICE1-4004
P1-4050;ICE1-4005
P1-4060;ICE1-4006
P1-4010;ICE1-5001
P1-5110;ICE1-5002
P1-5020;ICE1-5003
P1-5030;ICE1-5004
P1-5220;ICE1-5005
P1-5040;ICE1-5006
P1-5010;ICE1-6001
P1-6010;ICE1-6002
P1-6020;ICE1-6003
P1-9235;ICE1-6004
P1-9325;ICE1-6005
P1-5320;ICE1-6006
P1-5210;ICE1-7001
P1-6110;ICE1-7101
P1-6120;ICE1-7102
P1-9130;ICE1-7106
P1-9125;ICE1-7107
P1-9140;ICE1-7108
P1-9170;ICE1-7110
P1-9155;ICE1-7112
P1-9225;ICE1-7204
P1-9220;ICE1-7206
P1-9255;ICE1-7207
P1-9250;ICE1-7208
P1-6320;ICE1-7301
P1-9330;ICE1-7303
P1-9315;ICE1-7305
P1-9030;ICE1-7402
P1-9020;ICE1-7403
P1-9025;ICE1-7404
P1-5120;ICE1-8101
P1-9120;ICE1-8102
P1-9150;ICE1-8105
P1-9160;ICE1-8107
P1-9135;ICE1-8109
P1-9145;ICE1-8110
P1-9180;ICE1-8111
P1-9245;ICE1-8201
P1-6210;ICE1-8202
P1-9215;ICE1-8203
P1-9240;ICE1-8204
P1-9210;ICE1-8207
P1-9310;ICE1-8301
P1-9320;ICE1-8303
P1-9340;ICE1-8305
P1-9335;ICE1-8306
P1-9350;ICE1-8307
P1-9015;ICE1-8401
